account,amount,symbol,memo
threesteps,0.00939923,AWESOME,Daily payout based on your ALIVEM stake.
hankanon,0.00448443,AWESOME,Daily payout based on your ALIVEM stake.
hive.pizza,0.00355025,AWESOME,Daily payout based on your ALIVEM stake.
jlufer,0.00319137,AWESOME,Daily payout based on your ALIVEM stake.
kingneptune,0.00217102,AWESOME,Daily payout based on your ALIVEM stake.
hafiz34,0.00164982,AWESOME,Daily payout based on your ALIVEM stake.
davidthompson57,0.00121827,AWESOME,Daily payout based on your ALIVEM stake.
ironshield,0.00115705,AWESOME,Daily payout based on your ALIVEM stake.
voltz-blag,0.00103054,AWESOME,Daily payout based on your ALIVEM stake.
gank,0.00102165,AWESOME,Daily payout based on your ALIVEM stake.
dibblers.dabs,0.00084287,AWESOME,Daily payout based on your ALIVEM stake.
noctury,0.00076221,AWESOME,Daily payout based on your ALIVEM stake.
flaxz.alive,0.00069202,AWESOME,Daily payout based on your ALIVEM stake.
flaxz,0.00068484,AWESOME,Daily payout based on your ALIVEM stake.
benthomaswwd,0.00066413,AWESOME,Daily payout based on your ALIVEM stake.
bradleyarrow,0.00063143,AWESOME,Daily payout based on your ALIVEM stake.
mypathtofire,0.00054957,AWESOME,Daily payout based on your ALIVEM stake.
zoe24,0.00054914,AWESOME,Daily payout based on your ALIVEM stake.
bambukah,0.00053622,AWESOME,Daily payout based on your ALIVEM stake.
d00k13,0.00040866,AWESOME,Daily payout based on your ALIVEM stake.
iamraincrystal,0.00038841,AWESOME,Daily payout based on your ALIVEM stake.
beststart,0.00027705,AWESOME,Daily payout based on your ALIVEM stake.
guurry123,0.00026463,AWESOME,Daily payout based on your ALIVEM stake.
zealous4ever,0.0002558,AWESOME,Daily payout based on your ALIVEM stake.
urri2020,0.00025541,AWESOME,Daily payout based on your ALIVEM stake.
hive-112281,0.00023623,AWESOME,Daily payout based on your ALIVEM stake.
alokkumar121,0.00021932,AWESOME,Daily payout based on your ALIVEM stake.
vocup,0.00020694,AWESOME,Daily payout based on your ALIVEM stake.
edgerik,0.00019846,AWESOME,Daily payout based on your ALIVEM stake.
elizabetamt,0.00019251,AWESOME,Daily payout based on your ALIVEM stake.
ana-maria,0.00017391,AWESOME,Daily payout based on your ALIVEM stake.
master-lamps,0.00015343,AWESOME,Daily payout based on your ALIVEM stake.
hannes-stoffel,0.00015335,AWESOME,Daily payout based on your ALIVEM stake.
justclickindiva,0.00015327,AWESOME,Daily payout based on your ALIVEM stake.
imfarhad,0.00013131,AWESOME,Daily payout based on your ALIVEM stake.
truth2,0.00012967,AWESOME,Daily payout based on your ALIVEM stake.
jimmy.adames,0.00012781,AWESOME,Daily payout based on your ALIVEM stake.
neshk,0.00012771,AWESOME,Daily payout based on your ALIVEM stake.
masoom,0.00012771,AWESOME,Daily payout based on your ALIVEM stake.
wine-cellar,0.00012771,AWESOME,Daily payout based on your ALIVEM stake.
hivecoffee,0.00012771,AWESOME,Daily payout based on your ALIVEM stake.
khan.dayyanz,0.00012771,AWESOME,Daily payout based on your ALIVEM stake.
jacuzzi,0.00012771,AWESOME,Daily payout based on your ALIVEM stake.
oscarps,0.00012038,AWESOME,Daily payout based on your ALIVEM stake.
stdd,0.00011767,AWESOME,Daily payout based on your ALIVEM stake.
lightcaptured,0.00011519,AWESOME,Daily payout based on your ALIVEM stake.
awah,0.00011205,AWESOME,Daily payout based on your ALIVEM stake.
chaosmagic23,0.0001098,AWESOME,Daily payout based on your ALIVEM stake.
manuvert,0.00010837,AWESOME,Daily payout based on your ALIVEM stake.
ministickupboy,0.00010217,AWESOME,Daily payout based on your ALIVEM stake.
darmst5339,9.938e-05,AWESOME,Daily payout based on your ALIVEM stake.
pedrobrito2004,8.623e-05,AWESOME,Daily payout based on your ALIVEM stake.
tengolotodo,7.834e-05,AWESOME,Daily payout based on your ALIVEM stake.
darkwarrior33,7.662e-05,AWESOME,Daily payout based on your ALIVEM stake.
heartbeatonhive,6.83e-05,AWESOME,Daily payout based on your ALIVEM stake.
adysscheryl,6.579e-05,AWESOME,Daily payout based on your ALIVEM stake.
jmis101,6.449e-05,AWESOME,Daily payout based on your ALIVEM stake.
bhattg,6.385e-05,AWESOME,Daily payout based on your ALIVEM stake.
mario89,5.652e-05,AWESOME,Daily payout based on your ALIVEM stake.
hoosie,5.425e-05,AWESOME,Daily payout based on your ALIVEM stake.
bastionpm,5.262e-05,AWESOME,Daily payout based on your ALIVEM stake.
ctpsb,5.111e-05,AWESOME,Daily payout based on your ALIVEM stake.
mirroredspork,5.108e-05,AWESOME,Daily payout based on your ALIVEM stake.
globetrottergcc,5.108e-05,AWESOME,Daily payout based on your ALIVEM stake.
gurseerat,5.062e-05,AWESOME,Daily payout based on your ALIVEM stake.
davidxxl,4.83e-05,AWESOME,Daily payout based on your ALIVEM stake.
thoth442,4.776e-05,AWESOME,Daily payout based on your ALIVEM stake.
engilhramn,4.186e-05,AWESOME,Daily payout based on your ALIVEM stake.
alovely088,3.681e-05,AWESOME,Daily payout based on your ALIVEM stake.
cwow2,3.629e-05,AWESOME,Daily payout based on your ALIVEM stake.
ddn688,3.555e-05,AWESOME,Daily payout based on your ALIVEM stake.
yeckingo1,3.489e-05,AWESOME,Daily payout based on your ALIVEM stake.
tydynrain,3.292e-05,AWESOME,Daily payout based on your ALIVEM stake.
olujose6,3.182e-05,AWESOME,Daily payout based on your ALIVEM stake.
visual.alive,3.175e-05,AWESOME,Daily payout based on your ALIVEM stake.
sammyhive,2.838e-05,AWESOME,Daily payout based on your ALIVEM stake.
old-man-chu58,2.741e-05,AWESOME,Daily payout based on your ALIVEM stake.
coininstant,2.695e-05,AWESOME,Daily payout based on your ALIVEM stake.
kryptofire,2.628e-05,AWESOME,Daily payout based on your ALIVEM stake.
nomaddreamer,2.59e-05,AWESOME,Daily payout based on your ALIVEM stake.
marshmellowman,2.554e-05,AWESOME,Daily payout based on your ALIVEM stake.
brutalmonkey,2.554e-05,AWESOME,Daily payout based on your ALIVEM stake.
ben.haase,2.554e-05,AWESOME,Daily payout based on your ALIVEM stake.
johnandgrace,2.554e-05,AWESOME,Daily payout based on your ALIVEM stake.
johnsdowie,2.554e-05,AWESOME,Daily payout based on your ALIVEM stake.
loot.alive,2.554e-05,AWESOME,Daily payout based on your ALIVEM stake.
kitsuki,2.554e-05,AWESOME,Daily payout based on your ALIVEM stake.
infinitytcg,2.554e-05,AWESOME,Daily payout based on your ALIVEM stake.
nectar-queen,2.554e-05,AWESOME,Daily payout based on your ALIVEM stake.
mervinthepogi,2.554e-05,AWESOME,Daily payout based on your ALIVEM stake.
bilpcoinbot,2.554e-05,AWESOME,Daily payout based on your ALIVEM stake.
thatcryptodave,2.426e-05,AWESOME,Daily payout based on your ALIVEM stake.
harpreetjanda,2.222e-05,AWESOME,Daily payout based on your ALIVEM stake.
chapelle,2.115e-05,AWESOME,Daily payout based on your ALIVEM stake.
leemah1,2.097e-05,AWESOME,Daily payout based on your ALIVEM stake.
ijelady,2.082e-05,AWESOME,Daily payout based on your ALIVEM stake.
twicejoy,2.071e-05,AWESOME,Daily payout based on your ALIVEM stake.
hivedeb,1.979e-05,AWESOME,Daily payout based on your ALIVEM stake.
treefrognada,1.916e-05,AWESOME,Daily payout based on your ALIVEM stake.
lasort,1.9e-05,AWESOME,Daily payout based on your ALIVEM stake.
alzee,1.834e-05,AWESOME,Daily payout based on your ALIVEM stake.
thisisawesome,1.826e-05,AWESOME,Daily payout based on your ALIVEM stake.
apoloo1,1.806e-05,AWESOME,Daily payout based on your ALIVEM stake.
cursephantom,1.806e-05,AWESOME,Daily payout based on your ALIVEM stake.
karizma,1.806e-05,AWESOME,Daily payout based on your ALIVEM stake.
m0rt0nmattd,1.77e-05,AWESOME,Daily payout based on your ALIVEM stake.
palomap3,1.76e-05,AWESOME,Daily payout based on your ALIVEM stake.
kam5iz,1.701e-05,AWESOME,Daily payout based on your ALIVEM stake.
melinda010100,1.627e-05,AWESOME,Daily payout based on your ALIVEM stake.
neoxvoter,1.555e-05,AWESOME,Daily payout based on your ALIVEM stake.
moretea,1.515e-05,AWESOME,Daily payout based on your ALIVEM stake.
terra.luna,1.374e-05,AWESOME,Daily payout based on your ALIVEM stake.
caelum1infernum,1.341e-05,AWESOME,Daily payout based on your ALIVEM stake.
alex2alex,1.336e-05,AWESOME,Daily payout based on your ALIVEM stake.
heruvim1978,1.331e-05,AWESOME,Daily payout based on your ALIVEM stake.
stewie.wieno,1.29e-05,AWESOME,Daily payout based on your ALIVEM stake.
gondek,1.267e-05,AWESOME,Daily payout based on your ALIVEM stake.
inemsweet29,1.259e-05,AWESOME,Daily payout based on your ALIVEM stake.
beeber,1.223e-05,AWESOME,Daily payout based on your ALIVEM stake.
achimmertens,1.206e-05,AWESOME,Daily payout based on your ALIVEM stake.
myupvote2u,1.144e-05,AWESOME,Daily payout based on your ALIVEM stake.
oasiskp2,1.096e-05,AWESOME,Daily payout based on your ALIVEM stake.
bountybouncer,1.083e-05,AWESOME,Daily payout based on your ALIVEM stake.
myjob,1.057e-05,AWESOME,Daily payout based on your ALIVEM stake.
sabajfa,9.94e-06,AWESOME,Daily payout based on your ALIVEM stake.
libertycrypto27,9.25e-06,AWESOME,Daily payout based on your ALIVEM stake.
bokica80,9.14e-06,AWESOME,Daily payout based on your ALIVEM stake.
merthin,9.12e-06,AWESOME,Daily payout based on your ALIVEM stake.
littlebee4,8.66e-06,AWESOME,Daily payout based on your ALIVEM stake.
synergized,8.4e-06,AWESOME,Daily payout based on your ALIVEM stake.
lozio71,8.38e-06,AWESOME,Daily payout based on your ALIVEM stake.
sofs-su,8.17e-06,AWESOME,Daily payout based on your ALIVEM stake.
yokosama,7.66e-06,AWESOME,Daily payout based on your ALIVEM stake.
yasirgujrati,7.53e-06,AWESOME,Daily payout based on your ALIVEM stake.
kojiri,7.46e-06,AWESOME,Daily payout based on your ALIVEM stake.
rcaine,7.38e-06,AWESOME,Daily payout based on your ALIVEM stake.
madame-cyntaia,7.36e-06,AWESOME,Daily payout based on your ALIVEM stake.
bechibenner,7.2e-06,AWESOME,Daily payout based on your ALIVEM stake.
elyelma,6.69e-06,AWESOME,Daily payout based on your ALIVEM stake.
evernoticethat,6.54e-06,AWESOME,Daily payout based on your ALIVEM stake.
tokutaro22,6.39e-06,AWESOME,Daily payout based on your ALIVEM stake.
chmoen,5.64e-06,AWESOME,Daily payout based on your ALIVEM stake.
keechadkikali,5.52e-06,AWESOME,Daily payout based on your ALIVEM stake.
jacoalberts,5.29e-06,AWESOME,Daily payout based on your ALIVEM stake.
ydaiznfts,4.98e-06,AWESOME,Daily payout based on your ALIVEM stake.
fantagira,4.88e-06,AWESOME,Daily payout based on your ALIVEM stake.
dmhafiz,4.83e-06,AWESOME,Daily payout based on your ALIVEM stake.
benthomasuk,4.83e-06,AWESOME,Daily payout based on your ALIVEM stake.
dubble,4.75e-06,AWESOME,Daily payout based on your ALIVEM stake.
captainquack22,4.62e-06,AWESOME,Daily payout based on your ALIVEM stake.
arpuch,4.52e-06,AWESOME,Daily payout based on your ALIVEM stake.
kryptodenno,4.5e-06,AWESOME,Daily payout based on your ALIVEM stake.
lorddiablo,4.42e-06,AWESOME,Daily payout based on your ALIVEM stake.
gregory-f,4.16e-06,AWESOME,Daily payout based on your ALIVEM stake.
ricardoeloy,4.14e-06,AWESOME,Daily payout based on your ALIVEM stake.
buezor,4.01e-06,AWESOME,Daily payout based on your ALIVEM stake.
crazyphantombr,3.98e-06,AWESOME,Daily payout based on your ALIVEM stake.
steem-holder,3.68e-06,AWESOME,Daily payout based on your ALIVEM stake.
florenceboens,3.37e-06,AWESOME,Daily payout based on your ALIVEM stake.
liotes.alive,3.27e-06,AWESOME,Daily payout based on your ALIVEM stake.
myothuzar,3.24e-06,AWESOME,Daily payout based on your ALIVEM stake.
torran,3.01e-06,AWESOME,Daily payout based on your ALIVEM stake.
nahueldare3627,3.01e-06,AWESOME,Daily payout based on your ALIVEM stake.
azkabananas,2.99e-06,AWESOME,Daily payout based on your ALIVEM stake.
entrepidus,2.84e-06,AWESOME,Daily payout based on your ALIVEM stake.
fiberfrau,2.78e-06,AWESOME,Daily payout based on your ALIVEM stake.
pregosauce,2.76e-06,AWESOME,Daily payout based on your ALIVEM stake.
bitandi,2.71e-06,AWESOME,Daily payout based on your ALIVEM stake.
luizeba,2.68e-06,AWESOME,Daily payout based on your ALIVEM stake.
points-fr,2.66e-06,AWESOME,Daily payout based on your ALIVEM stake.
onthemountain,2.61e-06,AWESOME,Daily payout based on your ALIVEM stake.
kalib,2.58e-06,AWESOME,Daily payout based on your ALIVEM stake.
uthantzin,2.58e-06,AWESOME,Daily payout based on your ALIVEM stake.
pousinha,2.55e-06,AWESOME,Daily payout based on your ALIVEM stake.
brando28,2.4e-06,AWESOME,Daily payout based on your ALIVEM stake.
urkanon,2.38e-06,AWESOME,Daily payout based on your ALIVEM stake.
helios.curator,2.38e-06,AWESOME,Daily payout based on your ALIVEM stake.
helios.voter,2.25e-06,AWESOME,Daily payout based on your ALIVEM stake.
mad-runner,2.22e-06,AWESOME,Daily payout based on your ALIVEM stake.
dewabrata,2.17e-06,AWESOME,Daily payout based on your ALIVEM stake.
arc7icwolf,2.15e-06,AWESOME,Daily payout based on your ALIVEM stake.
zottone444,2.12e-06,AWESOME,Daily payout based on your ALIVEM stake.
siddhartaz,2.09e-06,AWESOME,Daily payout based on your ALIVEM stake.
eyewaa,1.99e-06,AWESOME,Daily payout based on your ALIVEM stake.
diodao,1.94e-06,AWESOME,Daily payout based on your ALIVEM stake.
thgaming,1.92e-06,AWESOME,Daily payout based on your ALIVEM stake.
itharagaian,1.92e-06,AWESOME,Daily payout based on your ALIVEM stake.
freed99,1.81e-06,AWESOME,Daily payout based on your ALIVEM stake.
vaynard86,1.71e-06,AWESOME,Daily payout based on your ALIVEM stake.
lipe100dedos,1.69e-06,AWESOME,Daily payout based on your ALIVEM stake.
princekham,1.66e-06,AWESOME,Daily payout based on your ALIVEM stake.
timehacker,1.66e-06,AWESOME,Daily payout based on your ALIVEM stake.
amaari,1.63e-06,AWESOME,Daily payout based on your ALIVEM stake.
naythan,1.61e-06,AWESOME,Daily payout based on your ALIVEM stake.
bearmol,1.61e-06,AWESOME,Daily payout based on your ALIVEM stake.
chillmaw,1.58e-06,AWESOME,Daily payout based on your ALIVEM stake.
elikast,1.53e-06,AWESOME,Daily payout based on your ALIVEM stake.
albiro2050,1.53e-06,AWESOME,Daily payout based on your ALIVEM stake.
ricestrela,1.46e-06,AWESOME,Daily payout based on your ALIVEM stake.
ivanslait,1.46e-06,AWESOME,Daily payout based on your ALIVEM stake.
michupa,1.43e-06,AWESOME,Daily payout based on your ALIVEM stake.
pob.curator,1.38e-06,AWESOME,Daily payout based on your ALIVEM stake.
r1s2g3,1.38e-06,AWESOME,Daily payout based on your ALIVEM stake.
successchar,1.35e-06,AWESOME,Daily payout based on your ALIVEM stake.
hive-143869,1.33e-06,AWESOME,Daily payout based on your ALIVEM stake.
metzli,1.3e-06,AWESOME,Daily payout based on your ALIVEM stake.
rentmoney,1.28e-06,AWESOME,Daily payout based on your ALIVEM stake.
geom,1.25e-06,AWESOME,Daily payout based on your ALIVEM stake.
atma.love,1.23e-06,AWESOME,Daily payout based on your ALIVEM stake.
hatdogsensei,1.2e-06,AWESOME,Daily payout based on your ALIVEM stake.
shiftrox,1.17e-06,AWESOME,Daily payout based on your ALIVEM stake.
esteva1820,1.15e-06,AWESOME,Daily payout based on your ALIVEM stake.
soulsdetour,1.15e-06,AWESOME,Daily payout based on your ALIVEM stake.
rtonline,1.12e-06,AWESOME,Daily payout based on your ALIVEM stake.
happyme,1.12e-06,AWESOME,Daily payout based on your ALIVEM stake.
quotidien,1.12e-06,AWESOME,Daily payout based on your ALIVEM stake.
macfit,1.07e-06,AWESOME,Daily payout based on your ALIVEM stake.
hiveborgminer,1.07e-06,AWESOME,Daily payout based on your ALIVEM stake.
assassyn,1.05e-06,AWESOME,Daily payout based on your ALIVEM stake.
cpol,1.02e-06,AWESOME,Daily payout based on your ALIVEM stake.
osomar357,1e-06,AWESOME,Daily payout based on your ALIVEM stake.
definethedollar,9.7e-07,AWESOME,Daily payout based on your ALIVEM stake.
sunset.curator,9.7e-07,AWESOME,Daily payout based on your ALIVEM stake.
wazock,9.5e-07,AWESOME,Daily payout based on your ALIVEM stake.
reiseamateur,9.2e-07,AWESOME,Daily payout based on your ALIVEM stake.
lotto-de,8.9e-07,AWESOME,Daily payout based on your ALIVEM stake.
belhaven14,8.9e-07,AWESOME,Daily payout based on your ALIVEM stake.
blitzzzz,8.9e-07,AWESOME,Daily payout based on your ALIVEM stake.
thaddeusprime,8.7e-07,AWESOME,Daily payout based on your ALIVEM stake.
sonaker,8.4e-07,AWESOME,Daily payout based on your ALIVEM stake.
dk1trade,8.4e-07,AWESOME,Daily payout based on your ALIVEM stake.
suhlaing,8.2e-07,AWESOME,Daily payout based on your ALIVEM stake.
campingclub,8.2e-07,AWESOME,Daily payout based on your ALIVEM stake.
jfang003,7.9e-07,AWESOME,Daily payout based on your ALIVEM stake.
stefano.massari,7.9e-07,AWESOME,Daily payout based on your ALIVEM stake.
ruralio,7.9e-07,AWESOME,Daily payout based on your ALIVEM stake.
mv-curacion,7.9e-07,AWESOME,Daily payout based on your ALIVEM stake.
fun.miner,7.7e-07,AWESOME,Daily payout based on your ALIVEM stake.
nftfrappe,7.7e-07,AWESOME,Daily payout based on your ALIVEM stake.
dynamicrypto,7.7e-07,AWESOME,Daily payout based on your ALIVEM stake.
lifeskills-tv,7.7e-07,AWESOME,Daily payout based on your ALIVEM stake.
kevinnag58,7.7e-07,AWESOME,Daily payout based on your ALIVEM stake.
andy4475,7.4e-07,AWESOME,Daily payout based on your ALIVEM stake.
mhowii,7.2e-07,AWESOME,Daily payout based on your ALIVEM stake.
krakonos,7.2e-07,AWESOME,Daily payout based on your ALIVEM stake.
stamato,7.2e-07,AWESOME,Daily payout based on your ALIVEM stake.
cryptopsycho21,6.9e-07,AWESOME,Daily payout based on your ALIVEM stake.
isiksenpalvoja,6.9e-07,AWESOME,Daily payout based on your ALIVEM stake.
hive-103505,6.6e-07,AWESOME,Daily payout based on your ALIVEM stake.
splinter100dedos,6.6e-07,AWESOME,Daily payout based on your ALIVEM stake.
risingstargame,6.6e-07,AWESOME,Daily payout based on your ALIVEM stake.
sentipl,6.6e-07,AWESOME,Daily payout based on your ALIVEM stake.
memess,6.6e-07,AWESOME,Daily payout based on your ALIVEM stake.
psyberx,6.4e-07,AWESOME,Daily payout based on your ALIVEM stake.
fikif,6.4e-07,AWESOME,Daily payout based on your ALIVEM stake.
mizuosemla,6.4e-07,AWESOME,Daily payout based on your ALIVEM stake.
nopasaran72,6.4e-07,AWESOME,Daily payout based on your ALIVEM stake.
vrezion,6.1e-07,AWESOME,Daily payout based on your ALIVEM stake.
freegifts,6.1e-07,AWESOME,Daily payout based on your ALIVEM stake.
claudio83,5.9e-07,AWESOME,Daily payout based on your ALIVEM stake.
dirego1,5.6e-07,AWESOME,Daily payout based on your ALIVEM stake.
bfciv,5.6e-07,AWESOME,Daily payout based on your ALIVEM stake.
rentaw03,5.4e-07,AWESOME,Daily payout based on your ALIVEM stake.
blumela,5.1e-07,AWESOME,Daily payout based on your ALIVEM stake.
kraaaaa,5.1e-07,AWESOME,Daily payout based on your ALIVEM stake.
jim-crypto,5.1e-07,AWESOME,Daily payout based on your ALIVEM stake.
rzc24-nftbbg,4.9e-07,AWESOME,Daily payout based on your ALIVEM stake.
ladymisa,4.9e-07,AWESOME,Daily payout based on your ALIVEM stake.
lolzbot,4.9e-07,AWESOME,Daily payout based on your ALIVEM stake.
mypathtofire2,4.9e-07,AWESOME,Daily payout based on your ALIVEM stake.
henruc,4.9e-07,AWESOME,Daily payout based on your ALIVEM stake.
new.things,4.9e-07,AWESOME,Daily payout based on your ALIVEM stake.
astrocreator,4.6e-07,AWESOME,Daily payout based on your ALIVEM stake.
tin.aung.soe,4.6e-07,AWESOME,Daily payout based on your ALIVEM stake.
mateodm03,4.6e-07,AWESOME,Daily payout based on your ALIVEM stake.
chechostreet,4.3e-07,AWESOME,Daily payout based on your ALIVEM stake.
jjprac,4.3e-07,AWESOME,Daily payout based on your ALIVEM stake.
davedickeyyall,4.3e-07,AWESOME,Daily payout based on your ALIVEM stake.
cryptochroma,4.3e-07,AWESOME,Daily payout based on your ALIVEM stake.
supriya.gupta,4.1e-07,AWESOME,Daily payout based on your ALIVEM stake.
taskmaster4450,4.1e-07,AWESOME,Daily payout based on your ALIVEM stake.
savvytester,4.1e-07,AWESOME,Daily payout based on your ALIVEM stake.
nahuelgameplays,4.1e-07,AWESOME,Daily payout based on your ALIVEM stake.
bencwarmer,3.8e-07,AWESOME,Daily payout based on your ALIVEM stake.
robibasa,3.8e-07,AWESOME,Daily payout based on your ALIVEM stake.
imno,3.8e-07,AWESOME,Daily payout based on your ALIVEM stake.
hiro.guita,3.8e-07,AWESOME,Daily payout based on your ALIVEM stake.
heartflowers.app,3.8e-07,AWESOME,Daily payout based on your ALIVEM stake.
soonlambo,3.8e-07,AWESOME,Daily payout based on your ALIVEM stake.
vrezyy,3.8e-07,AWESOME,Daily payout based on your ALIVEM stake.
linlove,3.6e-07,AWESOME,Daily payout based on your ALIVEM stake.
thecuriousfool,3.6e-07,AWESOME,Daily payout based on your ALIVEM stake.
chubb149,3.6e-07,AWESOME,Daily payout based on your ALIVEM stake.
mario02,3.6e-07,AWESOME,Daily payout based on your ALIVEM stake.
prinzvalium,3.3e-07,AWESOME,Daily payout based on your ALIVEM stake.
johndieo,3.3e-07,AWESOME,Daily payout based on your ALIVEM stake.
rachaeldwatson,3.3e-07,AWESOME,Daily payout based on your ALIVEM stake.
dlmmqb,3.3e-07,AWESOME,Daily payout based on your ALIVEM stake.
florakese,3.3e-07,AWESOME,Daily payout based on your ALIVEM stake.
dracozauberer,3.3e-07,AWESOME,Daily payout based on your ALIVEM stake.
secret-art,3.1e-07,AWESOME,Daily payout based on your ALIVEM stake.
rimurutempest,3.1e-07,AWESOME,Daily payout based on your ALIVEM stake.
operahoser,3.1e-07,AWESOME,Daily payout based on your ALIVEM stake.
pleo1542,3.1e-07,AWESOME,Daily payout based on your ALIVEM stake.
playbyhive,3.1e-07,AWESOME,Daily payout based on your ALIVEM stake.
memehive,3.1e-07,AWESOME,Daily payout based on your ALIVEM stake.
shiba.inu,3.1e-07,AWESOME,Daily payout based on your ALIVEM stake.
coquicoin,2.8e-07,AWESOME,Daily payout based on your ALIVEM stake.
hive-117778,2.8e-07,AWESOME,Daily payout based on your ALIVEM stake.
giuatt07,2.8e-07,AWESOME,Daily payout based on your ALIVEM stake.
svanbo,2.8e-07,AWESOME,Daily payout based on your ALIVEM stake.
hashkings,2.8e-07,AWESOME,Daily payout based on your ALIVEM stake.
underlock,2.8e-07,AWESOME,Daily payout based on your ALIVEM stake.
queen-silvia,2.8e-07,AWESOME,Daily payout based on your ALIVEM stake.
de-player.one,2.8e-07,AWESOME,Daily payout based on your ALIVEM stake.
helios.publisher,2.6e-07,AWESOME,Daily payout based on your ALIVEM stake.
coin.curator,2.6e-07,AWESOME,Daily payout based on your ALIVEM stake.
tokens-fr,2.6e-07,AWESOME,Daily payout based on your ALIVEM stake.
firealien,2.6e-07,AWESOME,Daily payout based on your ALIVEM stake.
siberian12,2.6e-07,AWESOME,Daily payout based on your ALIVEM stake.
helios.feeder,2.6e-07,AWESOME,Daily payout based on your ALIVEM stake.
honusurf,2.6e-07,AWESOME,Daily payout based on your ALIVEM stake.
clavdio75,2.6e-07,AWESOME,Daily payout based on your ALIVEM stake.
helios.dev,2.6e-07,AWESOME,Daily payout based on your ALIVEM stake.
jongolson,2.6e-07,AWESOME,Daily payout based on your ALIVEM stake.
entraide.rewards,2.6e-07,AWESOME,Daily payout based on your ALIVEM stake.
firealiean,2.6e-07,AWESOME,Daily payout based on your ALIVEM stake.
gr33nm4ster,2.6e-07,AWESOME,Daily payout based on your ALIVEM stake.
mango-juice,2.6e-07,AWESOME,Daily payout based on your ALIVEM stake.
elon.curator,2.6e-07,AWESOME,Daily payout based on your ALIVEM stake.
circlebubble,2.6e-07,AWESOME,Daily payout based on your ALIVEM stake.
lassecash.voter,2.6e-07,AWESOME,Daily payout based on your ALIVEM stake.
wrestorgonline,2.6e-07,AWESOME,Daily payout based on your ALIVEM stake.
helios.surf,2.6e-07,AWESOME,Daily payout based on your ALIVEM stake.
pob.macro,2.6e-07,AWESOME,Daily payout based on your ALIVEM stake.
hive-loto,2.6e-07,AWESOME,Daily payout based on your ALIVEM stake.
lolztoken,2.3e-07,AWESOME,Daily payout based on your ALIVEM stake.
qoogohome,2.3e-07,AWESOME,Daily payout based on your ALIVEM stake.
belemo,2.3e-07,AWESOME,Daily payout based on your ALIVEM stake.
dreloop07,2.3e-07,AWESOME,Daily payout based on your ALIVEM stake.
liotes,2.3e-07,AWESOME,Daily payout based on your ALIVEM stake.
hiro.juegos,2.3e-07,AWESOME,Daily payout based on your ALIVEM stake.
relf87,2.3e-07,AWESOME,Daily payout based on your ALIVEM stake.
koussbar,2.3e-07,AWESOME,Daily payout based on your ALIVEM stake.
lofone,2.3e-07,AWESOME,Daily payout based on your ALIVEM stake.
xplosive,2.3e-07,AWESOME,Daily payout based on your ALIVEM stake.
myanmarkoko,2.3e-07,AWESOME,Daily payout based on your ALIVEM stake.
sagarkothari88,2.3e-07,AWESOME,Daily payout based on your ALIVEM stake.
maurojd,2.3e-07,AWESOME,Daily payout based on your ALIVEM stake.
spinvest,2.3e-07,AWESOME,Daily payout based on your ALIVEM stake.
steemmonsters,2.3e-07,AWESOME,Daily payout based on your ALIVEM stake.
ekavieka,2.3e-07,AWESOME,Daily payout based on your ALIVEM stake.
splinterboost,2e-07,AWESOME,Daily payout based on your ALIVEM stake.
chinito,2e-07,AWESOME,Daily payout based on your ALIVEM stake.
dbooster,2e-07,AWESOME,Daily payout based on your ALIVEM stake.
eddwood,2e-07,AWESOME,Daily payout based on your ALIVEM stake.
psychophilo,2e-07,AWESOME,Daily payout based on your ALIVEM stake.
callmemaungthan,2e-07,AWESOME,Daily payout based on your ALIVEM stake.
ph1102,2e-07,AWESOME,Daily payout based on your ALIVEM stake.
stevermac1966,2e-07,AWESOME,Daily payout based on your ALIVEM stake.
walarhein,2e-07,AWESOME,Daily payout based on your ALIVEM stake.
davideownzall,2e-07,AWESOME,Daily payout based on your ALIVEM stake.
eforucom,2e-07,AWESOME,Daily payout based on your ALIVEM stake.
cryptofiloz,2e-07,AWESOME,Daily payout based on your ALIVEM stake.
elgringoviejo2,2e-07,AWESOME,Daily payout based on your ALIVEM stake.
olaf.gui,1.8e-07,AWESOME,Daily payout based on your ALIVEM stake.
pero82,1.8e-07,AWESOME,Daily payout based on your ALIVEM stake.
lukeisalive,1.8e-07,AWESOME,Daily payout based on your ALIVEM stake.
hivebuzz,1.8e-07,AWESOME,Daily payout based on your ALIVEM stake.
fredkese,1.8e-07,AWESOME,Daily payout based on your ALIVEM stake.
hoffmeister84,1.8e-07,AWESOME,Daily payout based on your ALIVEM stake.
kirstin,1.8e-07,AWESOME,Daily payout based on your ALIVEM stake.
donjaun,1.8e-07,AWESOME,Daily payout based on your ALIVEM stake.
challenge-fr,1.8e-07,AWESOME,Daily payout based on your ALIVEM stake.
fredfettmeister,1.8e-07,AWESOME,Daily payout based on your ALIVEM stake.
emaxisonline,1.8e-07,AWESOME,Daily payout based on your ALIVEM stake.
godfish,1.8e-07,AWESOME,Daily payout based on your ALIVEM stake.
solymi,1.8e-07,AWESOME,Daily payout based on your ALIVEM stake.
bananofarmer,1.8e-07,AWESOME,Daily payout based on your ALIVEM stake.
paulriq,1.8e-07,AWESOME,Daily payout based on your ALIVEM stake.
fraaaaa,1.8e-07,AWESOME,Daily payout based on your ALIVEM stake.
ahmadmangazap,1.5e-07,AWESOME,Daily payout based on your ALIVEM stake.
joetunex,1.5e-07,AWESOME,Daily payout based on your ALIVEM stake.
ifarmgirl-leo,1.5e-07,AWESOME,Daily payout based on your ALIVEM stake.
stickupboys,1.5e-07,AWESOME,Daily payout based on your ALIVEM stake.
kaungsett8388,1.5e-07,AWESOME,Daily payout based on your ALIVEM stake.
uveee,1.5e-07,AWESOME,Daily payout based on your ALIVEM stake.
beffeater,1.5e-07,AWESOME,Daily payout based on your ALIVEM stake.
rayius,1.5e-07,AWESOME,Daily payout based on your ALIVEM stake.
metronet,1.5e-07,AWESOME,Daily payout based on your ALIVEM stake.
hivehealth,1.5e-07,AWESOME,Daily payout based on your ALIVEM stake.
ericburgoyne,1.5e-07,AWESOME,Daily payout based on your ALIVEM stake.
vikisecrets,1.5e-07,AWESOME,Daily payout based on your ALIVEM stake.
jedenjenda,1.5e-07,AWESOME,Daily payout based on your ALIVEM stake.
skgcrypto,1.5e-07,AWESOME,Daily payout based on your ALIVEM stake.
mehmetfix,1.5e-07,AWESOME,Daily payout based on your ALIVEM stake.
emeraldtiger,1.3e-07,AWESOME,Daily payout based on your ALIVEM stake.
queercoin,1.3e-07,AWESOME,Daily payout based on your ALIVEM stake.
stillgideon,1.3e-07,AWESOME,Daily payout based on your ALIVEM stake.
psyber-x,1.3e-07,AWESOME,Daily payout based on your ALIVEM stake.
duke77,1.3e-07,AWESOME,Daily payout based on your ALIVEM stake.
thedoc07,1.3e-07,AWESOME,Daily payout based on your ALIVEM stake.
anttn,1.3e-07,AWESOME,Daily payout based on your ALIVEM stake.
castri-ja,1.3e-07,AWESOME,Daily payout based on your ALIVEM stake.
vempromundo,1.3e-07,AWESOME,Daily payout based on your ALIVEM stake.
monsterbuster,1.3e-07,AWESOME,Daily payout based on your ALIVEM stake.
misterc,1.3e-07,AWESOME,Daily payout based on your ALIVEM stake.
orionvk,1.3e-07,AWESOME,Daily payout based on your ALIVEM stake.
healjoal,1.3e-07,AWESOME,Daily payout based on your ALIVEM stake.
amakauz,1.3e-07,AWESOME,Daily payout based on your ALIVEM stake.
middle-earthling,1.3e-07,AWESOME,Daily payout based on your ALIVEM stake.
tinyputerboy,1.3e-07,AWESOME,Daily payout based on your ALIVEM stake.
tagmout,1.3e-07,AWESOME,Daily payout based on your ALIVEM stake.
chuiiiiiiii,1.3e-07,AWESOME,Daily payout based on your ALIVEM stake.
pdameron,1.3e-07,AWESOME,Daily payout based on your ALIVEM stake.
ansoe,1.3e-07,AWESOME,Daily payout based on your ALIVEM stake.
vaped,1.3e-07,AWESOME,Daily payout based on your ALIVEM stake.
geneeverett,1.3e-07,AWESOME,Daily payout based on your ALIVEM stake.
bonus-fr,1.3e-07,AWESOME,Daily payout based on your ALIVEM stake.
cervantes420,1.3e-07,AWESOME,Daily payout based on your ALIVEM stake.
aussieninja,1e-07,AWESOME,Daily payout based on your ALIVEM stake.
nealmcspadden,1e-07,AWESOME,Daily payout based on your ALIVEM stake.
elkingplayer,1e-07,AWESOME,Daily payout based on your ALIVEM stake.
juliocesar090477,1e-07,AWESOME,Daily payout based on your ALIVEM stake.
gadrian,1e-07,AWESOME,Daily payout based on your ALIVEM stake.
kolus290,1e-07,AWESOME,Daily payout based on your ALIVEM stake.
casimodo,1e-07,AWESOME,Daily payout based on your ALIVEM stake.
l337m45732,1e-07,AWESOME,Daily payout based on your ALIVEM stake.
morenow,1e-07,AWESOME,Daily payout based on your ALIVEM stake.
skycreaperth,1e-07,AWESOME,Daily payout based on your ALIVEM stake.
ilovewintergem,1e-07,AWESOME,Daily payout based on your ALIVEM stake.
splinterdany,1e-07,AWESOME,Daily payout based on your ALIVEM stake.
holovision.cash,1e-07,AWESOME,Daily payout based on your ALIVEM stake.
atexoras.pub,1e-07,AWESOME,Daily payout based on your ALIVEM stake.
maccazftw,1e-07,AWESOME,Daily payout based on your ALIVEM stake.
kaunglay2,1e-07,AWESOME,Daily payout based on your ALIVEM stake.
dstampede,1e-07,AWESOME,Daily payout based on your ALIVEM stake.
zoelle,1e-07,AWESOME,Daily payout based on your ALIVEM stake.
elderdark,1e-07,AWESOME,Daily payout based on your ALIVEM stake.
from-mars,1e-07,AWESOME,Daily payout based on your ALIVEM stake.
rehan12,1e-07,AWESOME,Daily payout based on your ALIVEM stake.
hhayweaver,1e-07,AWESOME,Daily payout based on your ALIVEM stake.
visualblock,1e-07,AWESOME,Daily payout based on your ALIVEM stake.
edicted,1e-07,AWESOME,Daily payout based on your ALIVEM stake.
atnazo,1e-07,AWESOME,Daily payout based on your ALIVEM stake.
sakupljac,1e-07,AWESOME,Daily payout based on your ALIVEM stake.
gymfood,1e-07,AWESOME,Daily payout based on your ALIVEM stake.
tazi,1e-07,AWESOME,Daily payout based on your ALIVEM stake.
kvinna,1e-07,AWESOME,Daily payout based on your ALIVEM stake.
josman831,1e-07,AWESOME,Daily payout based on your ALIVEM stake.
lisamgentile1961,1e-07,AWESOME,Daily payout based on your ALIVEM stake.
nozzy,1e-07,AWESOME,Daily payout based on your ALIVEM stake.
scfather,1e-07,AWESOME,Daily payout based on your ALIVEM stake.
ternizator,1e-07,AWESOME,Daily payout based on your ALIVEM stake.
ecoinstats,1e-07,AWESOME,Daily payout based on your ALIVEM stake.
dotz132,1e-07,AWESOME,Daily payout based on your ALIVEM stake.
marsupia,1e-07,AWESOME,Daily payout based on your ALIVEM stake.
familiadare,1e-07,AWESOME,Daily payout based on your ALIVEM stake.
paulmoon410,1e-07,AWESOME,Daily payout based on your ALIVEM stake.
no-advice,1e-07,AWESOME,Daily payout based on your ALIVEM stake.
asdfghjkiraaa,1e-07,AWESOME,Daily payout based on your ALIVEM stake.
sieghard1990,1e-07,AWESOME,Daily payout based on your ALIVEM stake.
asterkame,1e-07,AWESOME,Daily payout based on your ALIVEM stake.
ramadhanight,1e-07,AWESOME,Daily payout based on your ALIVEM stake.
roscar9,1e-07,AWESOME,Daily payout based on your ALIVEM stake.
joalheal,1e-07,AWESOME,Daily payout based on your ALIVEM stake.
efmm,1e-07,AWESOME,Daily payout based on your ALIVEM stake.
stayoutoftherz,1e-07,AWESOME,Daily payout based on your ALIVEM stake.
sonyared,1e-07,AWESOME,Daily payout based on your ALIVEM stake.
incublus,1e-07,AWESOME,Daily payout based on your ALIVEM stake.
kaiggue,1e-07,AWESOME,Daily payout based on your ALIVEM stake.
ynwa.andree,1e-07,AWESOME,Daily payout based on your ALIVEM stake.
kingofduels,1e-07,AWESOME,Daily payout based on your ALIVEM stake.
masterzarlyn28,8e-08,AWESOME,Daily payout based on your ALIVEM stake.
apprentice001,8e-08,AWESOME,Daily payout based on your ALIVEM stake.
ravenmus1c,8e-08,AWESOME,Daily payout based on your ALIVEM stake.
brian.rrr,8e-08,AWESOME,Daily payout based on your ALIVEM stake.
mllg,8e-08,AWESOME,Daily payout based on your ALIVEM stake.
eustace-kidd,8e-08,AWESOME,Daily payout based on your ALIVEM stake.
der-prophet,8e-08,AWESOME,Daily payout based on your ALIVEM stake.
luislrt,8e-08,AWESOME,Daily payout based on your ALIVEM stake.
dadspardan,8e-08,AWESOME,Daily payout based on your ALIVEM stake.
kriang3teejoe,8e-08,AWESOME,Daily payout based on your ALIVEM stake.
tommyl33,8e-08,AWESOME,Daily payout based on your ALIVEM stake.
pundito,8e-08,AWESOME,Daily payout based on your ALIVEM stake.
dcrops,8e-08,AWESOME,Daily payout based on your ALIVEM stake.
mvl2304,8e-08,AWESOME,Daily payout based on your ALIVEM stake.
acidosis,8e-08,AWESOME,Daily payout based on your ALIVEM stake.
louis88,8e-08,AWESOME,Daily payout based on your ALIVEM stake.
josediccus,8e-08,AWESOME,Daily payout based on your ALIVEM stake.
badpupper,8e-08,AWESOME,Daily payout based on your ALIVEM stake.
dragon-ti,8e-08,AWESOME,Daily payout based on your ALIVEM stake.
ianballantine,8e-08,AWESOME,Daily payout based on your ALIVEM stake.
fedibio,8e-08,AWESOME,Daily payout based on your ALIVEM stake.
mightyrocklee,8e-08,AWESOME,Daily payout based on your ALIVEM stake.
yonilkar,8e-08,AWESOME,Daily payout based on your ALIVEM stake.
gestion.alive,8e-08,AWESOME,Daily payout based on your ALIVEM stake.
rupinder,8e-08,AWESOME,Daily payout based on your ALIVEM stake.
genming,8e-08,AWESOME,Daily payout based on your ALIVEM stake.
invest-time,8e-08,AWESOME,Daily payout based on your ALIVEM stake.
shani.chaudhary,8e-08,AWESOME,Daily payout based on your ALIVEM stake.
psybersects,8e-08,AWESOME,Daily payout based on your ALIVEM stake.
cryptothesis,8e-08,AWESOME,Daily payout based on your ALIVEM stake.
kaibagt,8e-08,AWESOME,Daily payout based on your ALIVEM stake.
catharsis,8e-08,AWESOME,Daily payout based on your ALIVEM stake.
splinterlands,8e-08,AWESOME,Daily payout based on your ALIVEM stake.
lano.wuba,8e-08,AWESOME,Daily payout based on your ALIVEM stake.
indiaunited,8e-08,AWESOME,Daily payout based on your ALIVEM stake.
bearbear613,8e-08,AWESOME,Daily payout based on your ALIVEM stake.
coccodema,8e-08,AWESOME,Daily payout based on your ALIVEM stake.
nweoomon,8e-08,AWESOME,Daily payout based on your ALIVEM stake.
yetxuni,8e-08,AWESOME,Daily payout based on your ALIVEM stake.
uggya,8e-08,AWESOME,Daily payout based on your ALIVEM stake.
allonyx.ngs,8e-08,AWESOME,Daily payout based on your ALIVEM stake.
gwajnberg,8e-08,AWESOME,Daily payout based on your ALIVEM stake.
candnpg,8e-08,AWESOME,Daily payout based on your ALIVEM stake.
iamgem005,8e-08,AWESOME,Daily payout based on your ALIVEM stake.
dalz,8e-08,AWESOME,Daily payout based on your ALIVEM stake.
abh12345,8e-08,AWESOME,Daily payout based on your ALIVEM stake.
marilour,8e-08,AWESOME,Daily payout based on your ALIVEM stake.
elcholitosanto,8e-08,AWESOME,Daily payout based on your ALIVEM stake.
mein-senf-dazu,8e-08,AWESOME,Daily payout based on your ALIVEM stake.
c3r34lk1ll3r,8e-08,AWESOME,Daily payout based on your ALIVEM stake.
boboman,8e-08,AWESOME,Daily payout based on your ALIVEM stake.
normos,8e-08,AWESOME,Daily payout based on your ALIVEM stake.
kryptogeier,8e-08,AWESOME,Daily payout based on your ALIVEM stake.
gungunkrishu,8e-08,AWESOME,Daily payout based on your ALIVEM stake.
azj26,8e-08,AWESOME,Daily payout based on your ALIVEM stake.
almightygrim,8e-08,AWESOME,Daily payout based on your ALIVEM stake.
alicia2022,8e-08,AWESOME,Daily payout based on your ALIVEM stake.
rqr4,8e-08,AWESOME,Daily payout based on your ALIVEM stake.
holovision,8e-08,AWESOME,Daily payout based on your ALIVEM stake.
lunaticanto,8e-08,AWESOME,Daily payout based on your ALIVEM stake.
iyanpol12,8e-08,AWESOME,Daily payout based on your ALIVEM stake.
bigdogbone,8e-08,AWESOME,Daily payout based on your ALIVEM stake.
multitokens,8e-08,AWESOME,Daily payout based on your ALIVEM stake.
khaleelkazi,8e-08,AWESOME,Daily payout based on your ALIVEM stake.
underskeed,8e-08,AWESOME,Daily payout based on your ALIVEM stake.
starthilfe,5e-08,AWESOME,Daily payout based on your ALIVEM stake.
olebulls,5e-08,AWESOME,Daily payout based on your ALIVEM stake.
giorvis23,5e-08,AWESOME,Daily payout based on your ALIVEM stake.
kungfukid,5e-08,AWESOME,Daily payout based on your ALIVEM stake.
marianaemilia,5e-08,AWESOME,Daily payout based on your ALIVEM stake.
coldbeetrootsoup,5e-08,AWESOME,Daily payout based on your ALIVEM stake.
indextrader24,5e-08,AWESOME,Daily payout based on your ALIVEM stake.
iuliapetit2711,5e-08,AWESOME,Daily payout based on your ALIVEM stake.
danielvehe,5e-08,AWESOME,Daily payout based on your ALIVEM stake.
allef4f89,5e-08,AWESOME,Daily payout based on your ALIVEM stake.
kaniz,5e-08,AWESOME,Daily payout based on your ALIVEM stake.
dafusa,5e-08,AWESOME,Daily payout based on your ALIVEM stake.
guildacesky,5e-08,AWESOME,Daily payout based on your ALIVEM stake.
johnuko,5e-08,AWESOME,Daily payout based on your ALIVEM stake.
pirulito.zoado,5e-08,AWESOME,Daily payout based on your ALIVEM stake.
mochita,5e-08,AWESOME,Daily payout based on your ALIVEM stake.
ukyron3,5e-08,AWESOME,Daily payout based on your ALIVEM stake.
awakening.soul,5e-08,AWESOME,Daily payout based on your ALIVEM stake.
hive-data,5e-08,AWESOME,Daily payout based on your ALIVEM stake.
dbuzz,5e-08,AWESOME,Daily payout based on your ALIVEM stake.
neoxian,5e-08,AWESOME,Daily payout based on your ALIVEM stake.
cryptoknight12,5e-08,AWESOME,Daily payout based on your ALIVEM stake.
lichtblick,5e-08,AWESOME,Daily payout based on your ALIVEM stake.
daddydog,5e-08,AWESOME,Daily payout based on your ALIVEM stake.
nata86,5e-08,AWESOME,Daily payout based on your ALIVEM stake.
josevall901,5e-08,AWESOME,Daily payout based on your ALIVEM stake.
rafasete,5e-08,AWESOME,Daily payout based on your ALIVEM stake.
iviaxpow3r,5e-08,AWESOME,Daily payout based on your ALIVEM stake.
nurseflo,5e-08,AWESOME,Daily payout based on your ALIVEM stake.
matheusggr,5e-08,AWESOME,Daily payout based on your ALIVEM stake.
sapphirekay,5e-08,AWESOME,Daily payout based on your ALIVEM stake.
hopestylist,5e-08,AWESOME,Daily payout based on your ALIVEM stake.
wnanny,5e-08,AWESOME,Daily payout based on your ALIVEM stake.
alexa.art,5e-08,AWESOME,Daily payout based on your ALIVEM stake.
sandeep018,5e-08,AWESOME,Daily payout based on your ALIVEM stake.
sailor24,5e-08,AWESOME,Daily payout based on your ALIVEM stake.
elfino28,5e-08,AWESOME,Daily payout based on your ALIVEM stake.
paul20,5e-08,AWESOME,Daily payout based on your ALIVEM stake.
mchero,5e-08,AWESOME,Daily payout based on your ALIVEM stake.
nupulse,5e-08,AWESOME,Daily payout based on your ALIVEM stake.
lucky-elephant,5e-08,AWESOME,Daily payout based on your ALIVEM stake.
ocd,5e-08,AWESOME,Daily payout based on your ALIVEM stake.
wesquin703,5e-08,AWESOME,Daily payout based on your ALIVEM stake.
p1k4ppa10,5e-08,AWESOME,Daily payout based on your ALIVEM stake.
brenlys2000,5e-08,AWESOME,Daily payout based on your ALIVEM stake.
investinthefutur,5e-08,AWESOME,Daily payout based on your ALIVEM stake.
rickwinsagain,5e-08,AWESOME,Daily payout based on your ALIVEM stake.
lukewearechange,5e-08,AWESOME,Daily payout based on your ALIVEM stake.
ibelin,5e-08,AWESOME,Daily payout based on your ALIVEM stake.
diebitch,5e-08,AWESOME,Daily payout based on your ALIVEM stake.
mahmud552,5e-08,AWESOME,Daily payout based on your ALIVEM stake.
pablodare2,5e-08,AWESOME,Daily payout based on your ALIVEM stake.
technicalside,5e-08,AWESOME,Daily payout based on your ALIVEM stake.
joudaa,5e-08,AWESOME,Daily payout based on your ALIVEM stake.
nurodan,5e-08,AWESOME,Daily payout based on your ALIVEM stake.
woo-events,5e-08,AWESOME,Daily payout based on your ALIVEM stake.
schnapoon,5e-08,AWESOME,Daily payout based on your ALIVEM stake.
jte1023,5e-08,AWESOME,Daily payout based on your ALIVEM stake.
mairene1,5e-08,AWESOME,Daily payout based on your ALIVEM stake.
myfreebtc,5e-08,AWESOME,Daily payout based on your ALIVEM stake.
thanatos25,5e-08,AWESOME,Daily payout based on your ALIVEM stake.
india-leo,5e-08,AWESOME,Daily payout based on your ALIVEM stake.
thelogicaldude,5e-08,AWESOME,Daily payout based on your ALIVEM stake.
reseller,5e-08,AWESOME,Daily payout based on your ALIVEM stake.
gigi13,5e-08,AWESOME,Daily payout based on your ALIVEM stake.
borsengelaber,5e-08,AWESOME,Daily payout based on your ALIVEM stake.
layfon,5e-08,AWESOME,Daily payout based on your ALIVEM stake.
inici-arte,5e-08,AWESOME,Daily payout based on your ALIVEM stake.
ijat,5e-08,AWESOME,Daily payout based on your ALIVEM stake.
demotruk,5e-08,AWESOME,Daily payout based on your ALIVEM stake.
soltecno,5e-08,AWESOME,Daily payout based on your ALIVEM stake.
temmylade,5e-08,AWESOME,Daily payout based on your ALIVEM stake.
hivekings,5e-08,AWESOME,Daily payout based on your ALIVEM stake.
curator50,5e-08,AWESOME,Daily payout based on your ALIVEM stake.
lxsxl,5e-08,AWESOME,Daily payout based on your ALIVEM stake.
bitcoinflood,5e-08,AWESOME,Daily payout based on your ALIVEM stake.
albator85,5e-08,AWESOME,Daily payout based on your ALIVEM stake.
engrave,5e-08,AWESOME,Daily payout based on your ALIVEM stake.
alonicus,5e-08,AWESOME,Daily payout based on your ALIVEM stake.
instamental,5e-08,AWESOME,Daily payout based on your ALIVEM stake.
fulltimegeek,5e-08,AWESOME,Daily payout based on your ALIVEM stake.
mary-me,5e-08,AWESOME,Daily payout based on your ALIVEM stake.
baibuaza,5e-08,AWESOME,Daily payout based on your ALIVEM stake.
hiveupme,5e-08,AWESOME,Daily payout based on your ALIVEM stake.
cryptospa,5e-08,AWESOME,Daily payout based on your ALIVEM stake.
misschance,5e-08,AWESOME,Daily payout based on your ALIVEM stake.
fruityfruitz,5e-08,AWESOME,Daily payout based on your ALIVEM stake.
jogaila,5e-08,AWESOME,Daily payout based on your ALIVEM stake.
steemincome,5e-08,AWESOME,Daily payout based on your ALIVEM stake.
jdike,5e-08,AWESOME,Daily payout based on your ALIVEM stake.
hotsauceislethal,5e-08,AWESOME,Daily payout based on your ALIVEM stake.
neoxiancity,5e-08,AWESOME,Daily payout based on your ALIVEM stake.
castbest,5e-08,AWESOME,Daily payout based on your ALIVEM stake.
hiveslotgames,5e-08,AWESOME,Daily payout based on your ALIVEM stake.
photocircle,5e-08,AWESOME,Daily payout based on your ALIVEM stake.
yorgar,5e-08,AWESOME,Daily payout based on your ALIVEM stake.
condeas,5e-08,AWESOME,Daily payout based on your ALIVEM stake.
kraki,5e-08,AWESOME,Daily payout based on your ALIVEM stake.
phoenixwren,5e-08,AWESOME,Daily payout based on your ALIVEM stake.
dragonballfan,5e-08,AWESOME,Daily payout based on your ALIVEM stake.
beatminister,5e-08,AWESOME,Daily payout based on your ALIVEM stake.
offgridlife,5e-08,AWESOME,Daily payout based on your ALIVEM stake.
mikezillo,5e-08,AWESOME,Daily payout based on your ALIVEM stake.
facu03,5e-08,AWESOME,Daily payout based on your ALIVEM stake.
vickoly,5e-08,AWESOME,Daily payout based on your ALIVEM stake.
sexychic,5e-08,AWESOME,Daily payout based on your ALIVEM stake.
utopia-hope,5e-08,AWESOME,Daily payout based on your ALIVEM stake.
mk992039,5e-08,AWESOME,Daily payout based on your ALIVEM stake.
votebetting,5e-08,AWESOME,Daily payout based on your ALIVEM stake.
cryptoniusraptor,5e-08,AWESOME,Daily payout based on your ALIVEM stake.
forsakensushi,5e-08,AWESOME,Daily payout based on your ALIVEM stake.
borniet,5e-08,AWESOME,Daily payout based on your ALIVEM stake.
beeminer,5e-08,AWESOME,Daily payout based on your ALIVEM stake.
proton80,5e-08,AWESOME,Daily payout based on your ALIVEM stake.
atnep111,5e-08,AWESOME,Daily payout based on your ALIVEM stake.
ksam,5e-08,AWESOME,Daily payout based on your ALIVEM stake.
petterch,5e-08,AWESOME,Daily payout based on your ALIVEM stake.
s4b4t0n,5e-08,AWESOME,Daily payout based on your ALIVEM stake.
chrisrice,5e-08,AWESOME,Daily payout based on your ALIVEM stake.
magicmonk,5e-08,AWESOME,Daily payout based on your ALIVEM stake.
dkid14,5e-08,AWESOME,Daily payout based on your ALIVEM stake.
winelay,5e-08,AWESOME,Daily payout based on your ALIVEM stake.
burn950,5e-08,AWESOME,Daily payout based on your ALIVEM stake.
ecoinstant,5e-08,AWESOME,Daily payout based on your ALIVEM stake.
olgavita,5e-08,AWESOME,Daily payout based on your ALIVEM stake.
markkujantunen,5e-08,AWESOME,Daily payout based on your ALIVEM stake.
steemmillionaire,5e-08,AWESOME,Daily payout based on your ALIVEM stake.
steem82868,5e-08,AWESOME,Daily payout based on your ALIVEM stake.
makeitreal95,5e-08,AWESOME,Daily payout based on your ALIVEM stake.
bilidrg,5e-08,AWESOME,Daily payout based on your ALIVEM stake.
johnboywalton,5e-08,AWESOME,Daily payout based on your ALIVEM stake.
daniarc,5e-08,AWESOME,Daily payout based on your ALIVEM stake.
ga8ox35,5e-08,AWESOME,Daily payout based on your ALIVEM stake.
bigtakosensei,5e-08,AWESOME,Daily payout based on your ALIVEM stake.
beluhan19,5e-08,AWESOME,Daily payout based on your ALIVEM stake.
pvmihalache,5e-08,AWESOME,Daily payout based on your ALIVEM stake.
arcange,5e-08,AWESOME,Daily payout based on your ALIVEM stake.
shineko009,5e-08,AWESOME,Daily payout based on your ALIVEM stake.
kachinhenry,5e-08,AWESOME,Daily payout based on your ALIVEM stake.
adie44,5e-08,AWESOME,Daily payout based on your ALIVEM stake.
poshtoken,5e-08,AWESOME,Daily payout based on your ALIVEM stake.
ygmgamemin,5e-08,AWESOME,Daily payout based on your ALIVEM stake.
lupega,5e-08,AWESOME,Daily payout based on your ALIVEM stake.
danielhuhservice,5e-08,AWESOME,Daily payout based on your ALIVEM stake.
heroldius,5e-08,AWESOME,Daily payout based on your ALIVEM stake.
hameem,5e-08,AWESOME,Daily payout based on your ALIVEM stake.
mawit07,5e-08,AWESOME,Daily payout based on your ALIVEM stake.
actifit,5e-08,AWESOME,Daily payout based on your ALIVEM stake.
ecency,5e-08,AWESOME,Daily payout based on your ALIVEM stake.
ervin-lemark,5e-08,AWESOME,Daily payout based on your ALIVEM stake.
littlesorceress,5e-08,AWESOME,Daily payout based on your ALIVEM stake.
kheldar1982,5e-08,AWESOME,Daily payout based on your ALIVEM stake.
gabimramirez,3e-08,AWESOME,Daily payout based on your ALIVEM stake.
malos10,3e-08,AWESOME,Daily payout based on your ALIVEM stake.
gitgudscrub,3e-08,AWESOME,Daily payout based on your ALIVEM stake.
hmvf,3e-08,AWESOME,Daily payout based on your ALIVEM stake.
marcuswahl,3e-08,AWESOME,Daily payout based on your ALIVEM stake.
lecumberre,3e-08,AWESOME,Daily payout based on your ALIVEM stake.
simplegame,3e-08,AWESOME,Daily payout based on your ALIVEM stake.
antonella085,3e-08,AWESOME,Daily payout based on your ALIVEM stake.
merrymercy,3e-08,AWESOME,Daily payout based on your ALIVEM stake.
lauramica,3e-08,AWESOME,Daily payout based on your ALIVEM stake.
numa26,3e-08,AWESOME,Daily payout based on your ALIVEM stake.
fibra59,3e-08,AWESOME,Daily payout based on your ALIVEM stake.
w74,3e-08,AWESOME,Daily payout based on your ALIVEM stake.
eveuncovered,3e-08,AWESOME,Daily payout based on your ALIVEM stake.
hiveio,3e-08,AWESOME,Daily payout based on your ALIVEM stake.
tampilyne,3e-08,AWESOME,Daily payout based on your ALIVEM stake.
borjan,3e-08,AWESOME,Daily payout based on your ALIVEM stake.
mundharmonika,3e-08,AWESOME,Daily payout based on your ALIVEM stake.
johnbenn,3e-08,AWESOME,Daily payout based on your ALIVEM stake.
jetta.amaya,3e-08,AWESOME,Daily payout based on your ALIVEM stake.
quduus1,3e-08,AWESOME,Daily payout based on your ALIVEM stake.
petra67,3e-08,AWESOME,Daily payout based on your ALIVEM stake.
jijisaurart,3e-08,AWESOME,Daily payout based on your ALIVEM stake.
deddywox,3e-08,AWESOME,Daily payout based on your ALIVEM stake.
dajoker,3e-08,AWESOME,Daily payout based on your ALIVEM stake.
magnacarta,3e-08,AWESOME,Daily payout based on your ALIVEM stake.
queenstarr,3e-08,AWESOME,Daily payout based on your ALIVEM stake.
chefbgob,3e-08,AWESOME,Daily payout based on your ALIVEM stake.
anif1908,3e-08,AWESOME,Daily payout based on your ALIVEM stake.
seeweed,3e-08,AWESOME,Daily payout based on your ALIVEM stake.
josua1,3e-08,AWESOME,Daily payout based on your ALIVEM stake.
iptrucs,3e-08,AWESOME,Daily payout based on your ALIVEM stake.
rubencress,3e-08,AWESOME,Daily payout based on your ALIVEM stake.
sabosuke,3e-08,AWESOME,Daily payout based on your ALIVEM stake.
arieruzzzz,3e-08,AWESOME,Daily payout based on your ALIVEM stake.
bombus,3e-08,AWESOME,Daily payout based on your ALIVEM stake.
wrestlingdesires,3e-08,AWESOME,Daily payout based on your ALIVEM stake.
eliezer65,3e-08,AWESOME,Daily payout based on your ALIVEM stake.
achim03,3e-08,AWESOME,Daily payout based on your ALIVEM stake.
bulldog1205,3e-08,AWESOME,Daily payout based on your ALIVEM stake.
poplar-22,3e-08,AWESOME,Daily payout based on your ALIVEM stake.
nbarrios67,3e-08,AWESOME,Daily payout based on your ALIVEM stake.
eythorphoto,3e-08,AWESOME,Daily payout based on your ALIVEM stake.
wolfplayzor,3e-08,AWESOME,Daily payout based on your ALIVEM stake.
doctyppierre,3e-08,AWESOME,Daily payout based on your ALIVEM stake.
pero821,3e-08,AWESOME,Daily payout based on your ALIVEM stake.
tdctunes,3e-08,AWESOME,Daily payout based on your ALIVEM stake.
streetstreams,3e-08,AWESOME,Daily payout based on your ALIVEM stake.
thatkidsblack,3e-08,AWESOME,Daily payout based on your ALIVEM stake.
hiq.shares,3e-08,AWESOME,Daily payout based on your ALIVEM stake.
yiobri,3e-08,AWESOME,Daily payout based on your ALIVEM stake.
unitmaster,3e-08,AWESOME,Daily payout based on your ALIVEM stake.
thetyper,3e-08,AWESOME,Daily payout based on your ALIVEM stake.
latino.romano,3e-08,AWESOME,Daily payout based on your ALIVEM stake.
nainaztengra,3e-08,AWESOME,Daily payout based on your ALIVEM stake.
wesphilbin,3e-08,AWESOME,Daily payout based on your ALIVEM stake.
bluemoon,3e-08,AWESOME,Daily payout based on your ALIVEM stake.
terry.aya,3e-08,AWESOME,Daily payout based on your ALIVEM stake.
benjil,3e-08,AWESOME,Daily payout based on your ALIVEM stake.
cycler,3e-08,AWESOME,Daily payout based on your ALIVEM stake.
blue.rabbit,3e-08,AWESOME,Daily payout based on your ALIVEM stake.
ciuoto,3e-08,AWESOME,Daily payout based on your ALIVEM stake.
solominer,3e-08,AWESOME,Daily payout based on your ALIVEM stake.
samostically,3e-08,AWESOME,Daily payout based on your ALIVEM stake.
finguru,3e-08,AWESOME,Daily payout based on your ALIVEM stake.
thetimetravelerz,3e-08,AWESOME,Daily payout based on your ALIVEM stake.
m0ssa99,3e-08,AWESOME,Daily payout based on your ALIVEM stake.
newshive,3e-08,AWESOME,Daily payout based on your ALIVEM stake.
bucipuci,3e-08,AWESOME,Daily payout based on your ALIVEM stake.
mariajcastro28,3e-08,AWESOME,Daily payout based on your ALIVEM stake.
hirohurl,3e-08,AWESOME,Daily payout based on your ALIVEM stake.
onwugbenuvictor,3e-08,AWESOME,Daily payout based on your ALIVEM stake.
wwwiebe,3e-08,AWESOME,Daily payout based on your ALIVEM stake.
radiogaga,3e-08,AWESOME,Daily payout based on your ALIVEM stake.
ceekz,3e-08,AWESOME,Daily payout based on your ALIVEM stake.
gustav21,3e-08,AWESOME,Daily payout based on your ALIVEM stake.
brittandjosie,3e-08,AWESOME,Daily payout based on your ALIVEM stake.
latinowinner,3e-08,AWESOME,Daily payout based on your ALIVEM stake.
sevenoh-fiveoh,3e-08,AWESOME,Daily payout based on your ALIVEM stake.
jelly13,3e-08,AWESOME,Daily payout based on your ALIVEM stake.
whywhy,3e-08,AWESOME,Daily payout based on your ALIVEM stake.
albertgarcesb,3e-08,AWESOME,Daily payout based on your ALIVEM stake.
forexbrokr,3e-08,AWESOME,Daily payout based on your ALIVEM stake.
elwnyx,3e-08,AWESOME,Daily payout based on your ALIVEM stake.
millycf1976,3e-08,AWESOME,Daily payout based on your ALIVEM stake.
ahleap,3e-08,AWESOME,Daily payout based on your ALIVEM stake.
alucian,3e-08,AWESOME,Daily payout based on your ALIVEM stake.
acesontop,3e-08,AWESOME,Daily payout based on your ALIVEM stake.
ifarmgirl,3e-08,AWESOME,Daily payout based on your ALIVEM stake.
idiosyncratic1,3e-08,AWESOME,Daily payout based on your ALIVEM stake.
fokusnow,3e-08,AWESOME,Daily payout based on your ALIVEM stake.
cryptonotes,3e-08,AWESOME,Daily payout based on your ALIVEM stake.
elloquent,3e-08,AWESOME,Daily payout based on your ALIVEM stake.
ebingo,3e-08,AWESOME,Daily payout based on your ALIVEM stake.
stresskiller,3e-08,AWESOME,Daily payout based on your ALIVEM stake.
ultrabridges,3e-08,AWESOME,Daily payout based on your ALIVEM stake.
shanibeer,3e-08,AWESOME,Daily payout based on your ALIVEM stake.
castleberry,3e-08,AWESOME,Daily payout based on your ALIVEM stake.
legendarydragons,3e-08,AWESOME,Daily payout based on your ALIVEM stake.
eddie-earner,3e-08,AWESOME,Daily payout based on your ALIVEM stake.
optout,3e-08,AWESOME,Daily payout based on your ALIVEM stake.
rivalzzz,3e-08,AWESOME,Daily payout based on your ALIVEM stake.
cryptocompany,3e-08,AWESOME,Daily payout based on your ALIVEM stake.
nobutsd1974,3e-08,AWESOME,Daily payout based on your ALIVEM stake.
olympicdragon,3e-08,AWESOME,Daily payout based on your ALIVEM stake.
valeriavalentina,3e-08,AWESOME,Daily payout based on your ALIVEM stake.
de-memes,3e-08,AWESOME,Daily payout based on your ALIVEM stake.
mosesessien,3e-08,AWESOME,Daily payout based on your ALIVEM stake.
apfelkeks,3e-08,AWESOME,Daily payout based on your ALIVEM stake.
barmbo,3e-08,AWESOME,Daily payout based on your ALIVEM stake.
zonadigital21,3e-08,AWESOME,Daily payout based on your ALIVEM stake.
deadspace,3e-08,AWESOME,Daily payout based on your ALIVEM stake.
marygong77777,3e-08,AWESOME,Daily payout based on your ALIVEM stake.
sapphireleopard,3e-08,AWESOME,Daily payout based on your ALIVEM stake.
hkinuvaime,3e-08,AWESOME,Daily payout based on your ALIVEM stake.
splinterob,3e-08,AWESOME,Daily payout based on your ALIVEM stake.
elizacheng,3e-08,AWESOME,Daily payout based on your ALIVEM stake.
moremoney28,3e-08,AWESOME,Daily payout based on your ALIVEM stake.
bang-defense,3e-08,AWESOME,Daily payout based on your ALIVEM stake.
splinternews,3e-08,AWESOME,Daily payout based on your ALIVEM stake.
danhawk,3e-08,AWESOME,Daily payout based on your ALIVEM stake.
malgarise,3e-08,AWESOME,Daily payout based on your ALIVEM stake.
holycowz,3e-08,AWESOME,Daily payout based on your ALIVEM stake.
enfocate,3e-08,AWESOME,Daily payout based on your ALIVEM stake.
hawks21,3e-08,AWESOME,Daily payout based on your ALIVEM stake.
franciabuitragoo,3e-08,AWESOME,Daily payout based on your ALIVEM stake.
hivenftgamela,3e-08,AWESOME,Daily payout based on your ALIVEM stake.
blicklicht,3e-08,AWESOME,Daily payout based on your ALIVEM stake.
mangomayhem,3e-08,AWESOME,Daily payout based on your ALIVEM stake.
tosolini,3e-08,AWESOME,Daily payout based on your ALIVEM stake.
galdor100max,3e-08,AWESOME,Daily payout based on your ALIVEM stake.
aschatria,3e-08,AWESOME,Daily payout based on your ALIVEM stake.
foodiesunite,3e-08,AWESOME,Daily payout based on your ALIVEM stake.
bryanpil,3e-08,AWESOME,Daily payout based on your ALIVEM stake.
themyscira,3e-08,AWESOME,Daily payout based on your ALIVEM stake.
franciscomarval,3e-08,AWESOME,Daily payout based on your ALIVEM stake.
bananasfallers,3e-08,AWESOME,Daily payout based on your ALIVEM stake.
aphiel,3e-08,AWESOME,Daily payout based on your ALIVEM stake.
dynamicgreentk,3e-08,AWESOME,Daily payout based on your ALIVEM stake.
quekery,3e-08,AWESOME,Daily payout based on your ALIVEM stake.
nanco22,3e-08,AWESOME,Daily payout based on your ALIVEM stake.
trade60,3e-08,AWESOME,Daily payout based on your ALIVEM stake.
miguelarl,3e-08,AWESOME,Daily payout based on your ALIVEM stake.
mercury27,3e-08,AWESOME,Daily payout based on your ALIVEM stake.
brofund,3e-08,AWESOME,Daily payout based on your ALIVEM stake.
dovycola,3e-08,AWESOME,Daily payout based on your ALIVEM stake.
danielcarrerag,3e-08,AWESOME,Daily payout based on your ALIVEM stake.
poprzeczka,3e-08,AWESOME,Daily payout based on your ALIVEM stake.
hivemexico,3e-08,AWESOME,Daily payout based on your ALIVEM stake.
sbtofficial,3e-08,AWESOME,Daily payout based on your ALIVEM stake.
marioshelk,3e-08,AWESOME,Daily payout based on your ALIVEM stake.
shahzad-ansari,3e-08,AWESOME,Daily payout based on your ALIVEM stake.
stickupofficial1,3e-08,AWESOME,Daily payout based on your ALIVEM stake.
disregardfiat,3e-08,AWESOME,Daily payout based on your ALIVEM stake.
revisesociology,3e-08,AWESOME,Daily payout based on your ALIVEM stake.
goliathus,3e-08,AWESOME,Daily payout based on your ALIVEM stake.
badge-696969,3e-08,AWESOME,Daily payout based on your ALIVEM stake.
bluerobo,3e-08,AWESOME,Daily payout based on your ALIVEM stake.
jeanpi1908,3e-08,AWESOME,Daily payout based on your ALIVEM stake.
thranax,3e-08,AWESOME,Daily payout based on your ALIVEM stake.
vm2904,3e-08,AWESOME,Daily payout based on your ALIVEM stake.
brandada,3e-08,AWESOME,Daily payout based on your ALIVEM stake.
mxm0unite,3e-08,AWESOME,Daily payout based on your ALIVEM stake.
alexvan,3e-08,AWESOME,Daily payout based on your ALIVEM stake.
aburihan1,3e-08,AWESOME,Daily payout based on your ALIVEM stake.
chesatochi,3e-08,AWESOME,Daily payout based on your ALIVEM stake.
detlev,3e-08,AWESOME,Daily payout based on your ALIVEM stake.
sovebrito,3e-08,AWESOME,Daily payout based on your ALIVEM stake.
manuchio,3e-08,AWESOME,Daily payout based on your ALIVEM stake.
hironakamura,3e-08,AWESOME,Daily payout based on your ALIVEM stake.
cthings,3e-08,AWESOME,Daily payout based on your ALIVEM stake.
lovefallen,3e-08,AWESOME,Daily payout based on your ALIVEM stake.
sagesigma,3e-08,AWESOME,Daily payout based on your ALIVEM stake.
marcocasario,3e-08,AWESOME,Daily payout based on your ALIVEM stake.
jocieprosza,3e-08,AWESOME,Daily payout based on your ALIVEM stake.
chel-koby,3e-08,AWESOME,Daily payout based on your ALIVEM stake.
play2earn.city,3e-08,AWESOME,Daily payout based on your ALIVEM stake.
zakludick,3e-08,AWESOME,Daily payout based on your ALIVEM stake.
tobywalter,3e-08,AWESOME,Daily payout based on your ALIVEM stake.
readthisplease,3e-08,AWESOME,Daily payout based on your ALIVEM stake.
traciyork,3e-08,AWESOME,Daily payout based on your ALIVEM stake.
jhelbich,3e-08,AWESOME,Daily payout based on your ALIVEM stake.
b0s,3e-08,AWESOME,Daily payout based on your ALIVEM stake.
femcy-willcy,3e-08,AWESOME,Daily payout based on your ALIVEM stake.
vincentschnabl,3e-08,AWESOME,Daily payout based on your ALIVEM stake.
elkezaksek,3e-08,AWESOME,Daily payout based on your ALIVEM stake.
twodorks,3e-08,AWESOME,Daily payout based on your ALIVEM stake.
saffisara,3e-08,AWESOME,Daily payout based on your ALIVEM stake.
elemarg25,3e-08,AWESOME,Daily payout based on your ALIVEM stake.
ylmzayan,3e-08,AWESOME,Daily payout based on your ALIVEM stake.
theindiankid,3e-08,AWESOME,Daily payout based on your ALIVEM stake.
jannidepp,3e-08,AWESOME,Daily payout based on your ALIVEM stake.
juliasjohn,3e-08,AWESOME,Daily payout based on your ALIVEM stake.
amberkashif,3e-08,AWESOME,Daily payout based on your ALIVEM stake.
kolkamkwan,3e-08,AWESOME,Daily payout based on your ALIVEM stake.
coolguy222,3e-08,AWESOME,Daily payout based on your ALIVEM stake.
appalachain,3e-08,AWESOME,Daily payout based on your ALIVEM stake.
carl05,3e-08,AWESOME,Daily payout based on your ALIVEM stake.
thebighigg,3e-08,AWESOME,Daily payout based on your ALIVEM stake.
emersonzomi,3e-08,AWESOME,Daily payout based on your ALIVEM stake.
green77,3e-08,AWESOME,Daily payout based on your ALIVEM stake.
sketch.and.jam,3e-08,AWESOME,Daily payout based on your ALIVEM stake.
kingdannys,3e-08,AWESOME,Daily payout based on your ALIVEM stake.
bossel,3e-08,AWESOME,Daily payout based on your ALIVEM stake.
temi-tee,3e-08,AWESOME,Daily payout based on your ALIVEM stake.
blanchy,3e-08,AWESOME,Daily payout based on your ALIVEM stake.
niallon11,3e-08,AWESOME,Daily payout based on your ALIVEM stake.
caroline97,3e-08,AWESOME,Daily payout based on your ALIVEM stake.
curart38,3e-08,AWESOME,Daily payout based on your ALIVEM stake.
yann0975,3e-08,AWESOME,Daily payout based on your ALIVEM stake.
senseisar,3e-08,AWESOME,Daily payout based on your ALIVEM stake.
felipejoys,3e-08,AWESOME,Daily payout based on your ALIVEM stake.
theoneblog,3e-08,AWESOME,Daily payout based on your ALIVEM stake.
metafurico,3e-08,AWESOME,Daily payout based on your ALIVEM stake.
eii,3e-08,AWESOME,Daily payout based on your ALIVEM stake.
sholex94,3e-08,AWESOME,Daily payout based on your ALIVEM stake.
kwskicky,3e-08,AWESOME,Daily payout based on your ALIVEM stake.
bcarolan639,3e-08,AWESOME,Daily payout based on your ALIVEM stake.
xchng,3e-08,AWESOME,Daily payout based on your ALIVEM stake.
salamera,3e-08,AWESOME,Daily payout based on your ALIVEM stake.
eddqq,3e-08,AWESOME,Daily payout based on your ALIVEM stake.
fotomaglys,3e-08,AWESOME,Daily payout based on your ALIVEM stake.
forykw,3e-08,AWESOME,Daily payout based on your ALIVEM stake.
ijatz,3e-08,AWESOME,Daily payout based on your ALIVEM stake.
mes,3e-08,AWESOME,Daily payout based on your ALIVEM stake.
silver-edge,3e-08,AWESOME,Daily payout based on your ALIVEM stake.
jorisvillerenon,3e-08,AWESOME,Daily payout based on your ALIVEM stake.
rosiew,3e-08,AWESOME,Daily payout based on your ALIVEM stake.
javivisan,3e-08,AWESOME,Daily payout based on your ALIVEM stake.
awakening-along,3e-08,AWESOME,Daily payout based on your ALIVEM stake.
shula14,3e-08,AWESOME,Daily payout based on your ALIVEM stake.
minnow-aid,3e-08,AWESOME,Daily payout based on your ALIVEM stake.
ismaelgranados,3e-08,AWESOME,Daily payout based on your ALIVEM stake.
justmingkay,3e-08,AWESOME,Daily payout based on your ALIVEM stake.
treasuree,3e-08,AWESOME,Daily payout based on your ALIVEM stake.
leogrowth,3e-08,AWESOME,Daily payout based on your ALIVEM stake.
arcgspy,3e-08,AWESOME,Daily payout based on your ALIVEM stake.
photomoto,3e-08,AWESOME,Daily payout based on your ALIVEM stake.
sorsa,3e-08,AWESOME,Daily payout based on your ALIVEM stake.
camillecrls629,3e-08,AWESOME,Daily payout based on your ALIVEM stake.
yeouido.park,3e-08,AWESOME,Daily payout based on your ALIVEM stake.
sadia7,3e-08,AWESOME,Daily payout based on your ALIVEM stake.
yaluna,3e-08,AWESOME,Daily payout based on your ALIVEM stake.
eliudgnzlz,3e-08,AWESOME,Daily payout based on your ALIVEM stake.
acidyo,3e-08,AWESOME,Daily payout based on your ALIVEM stake.
lebah,3e-08,AWESOME,Daily payout based on your ALIVEM stake.
freedomno1,3e-08,AWESOME,Daily payout based on your ALIVEM stake.
zeruxanime,3e-08,AWESOME,Daily payout based on your ALIVEM stake.
hivebuildercomps,3e-08,AWESOME,Daily payout based on your ALIVEM stake.
iamboring,3e-08,AWESOME,Daily payout based on your ALIVEM stake.
yinks,3e-08,AWESOME,Daily payout based on your ALIVEM stake.
drago18121996,3e-08,AWESOME,Daily payout based on your ALIVEM stake.
dotwin1981,3e-08,AWESOME,Daily payout based on your ALIVEM stake.
jishan5,3e-08,AWESOME,Daily payout based on your ALIVEM stake.
ezgicop,3e-08,AWESOME,Daily payout based on your ALIVEM stake.
olamummy,3e-08,AWESOME,Daily payout based on your ALIVEM stake.
qudoos786,3e-08,AWESOME,Daily payout based on your ALIVEM stake.
erikah,3e-08,AWESOME,Daily payout based on your ALIVEM stake.
herz-ass,3e-08,AWESOME,Daily payout based on your ALIVEM stake.
artmom,3e-08,AWESOME,Daily payout based on your ALIVEM stake.
zahidsun,3e-08,AWESOME,Daily payout based on your ALIVEM stake.
starstrings01,3e-08,AWESOME,Daily payout based on your ALIVEM stake.
speedtuning,3e-08,AWESOME,Daily payout based on your ALIVEM stake.
lesmann,3e-08,AWESOME,Daily payout based on your ALIVEM stake.
golden.future,3e-08,AWESOME,Daily payout based on your ALIVEM stake.
lordshah,3e-08,AWESOME,Daily payout based on your ALIVEM stake.
thinkermind,3e-08,AWESOME,Daily payout based on your ALIVEM stake.
nkemakonam89,3e-08,AWESOME,Daily payout based on your ALIVEM stake.
fallen.angels,3e-08,AWESOME,Daily payout based on your ALIVEM stake.
xabi,3e-08,AWESOME,Daily payout based on your ALIVEM stake.
yousafharoonkhan,3e-08,AWESOME,Daily payout based on your ALIVEM stake.
alenox,3e-08,AWESOME,Daily payout based on your ALIVEM stake.
clove71,3e-08,AWESOME,Daily payout based on your ALIVEM stake.
cervisia,3e-08,AWESOME,Daily payout based on your ALIVEM stake.
menoski,3e-08,AWESOME,Daily payout based on your ALIVEM stake.
sukmhaske,3e-08,AWESOME,Daily payout based on your ALIVEM stake.
julianhorack,3e-08,AWESOME,Daily payout based on your ALIVEM stake.
polyswarm,3e-08,AWESOME,Daily payout based on your ALIVEM stake.
horusisback,3e-08,AWESOME,Daily payout based on your ALIVEM stake.
helios.token,3e-08,AWESOME,Daily payout based on your ALIVEM stake.
agog,3e-08,AWESOME,Daily payout based on your ALIVEM stake.
freemonster,3e-08,AWESOME,Daily payout based on your ALIVEM stake.
lammbock,3e-08,AWESOME,Daily payout based on your ALIVEM stake.
pablodare,3e-08,AWESOME,Daily payout based on your ALIVEM stake.
sacra97,3e-08,AWESOME,Daily payout based on your ALIVEM stake.
charlie80,3e-08,AWESOME,Daily payout based on your ALIVEM stake.
luisgtt,3e-08,AWESOME,Daily payout based on your ALIVEM stake.
bigorna1,3e-08,AWESOME,Daily payout based on your ALIVEM stake.
qwerrie,3e-08,AWESOME,Daily payout based on your ALIVEM stake.
johnny023,3e-08,AWESOME,Daily payout based on your ALIVEM stake.
tomiajax,3e-08,AWESOME,Daily payout based on your ALIVEM stake.
iskawrites,3e-08,AWESOME,Daily payout based on your ALIVEM stake.
jini-zzang,3e-08,AWESOME,Daily payout based on your ALIVEM stake.
engr-anchovy,3e-08,AWESOME,Daily payout based on your ALIVEM stake.
agooddaytodie,3e-08,AWESOME,Daily payout based on your ALIVEM stake.
raistling,3e-08,AWESOME,Daily payout based on your ALIVEM stake.
jordanm667,3e-08,AWESOME,Daily payout based on your ALIVEM stake.
xanreo,3e-08,AWESOME,Daily payout based on your ALIVEM stake.
atbui89,3e-08,AWESOME,Daily payout based on your ALIVEM stake.
santiagorosales,3e-08,AWESOME,Daily payout based on your ALIVEM stake.
jacksonizer,3e-08,AWESOME,Daily payout based on your ALIVEM stake.
kdtkaren,3e-08,AWESOME,Daily payout based on your ALIVEM stake.
enginewitty,3e-08,AWESOME,Daily payout based on your ALIVEM stake.
guillez12,3e-08,AWESOME,Daily payout based on your ALIVEM stake.
katiebeth,3e-08,AWESOME,Daily payout based on your ALIVEM stake.
zahara22,3e-08,AWESOME,Daily payout based on your ALIVEM stake.
projectmamabg,3e-08,AWESOME,Daily payout based on your ALIVEM stake.
momongja,3e-08,AWESOME,Daily payout based on your ALIVEM stake.
tdvtv,3e-08,AWESOME,Daily payout based on your ALIVEM stake.
iamvasanth,3e-08,AWESOME,Daily payout based on your ALIVEM stake.
las3rbone,3e-08,AWESOME,Daily payout based on your ALIVEM stake.
fw206,3e-08,AWESOME,Daily payout based on your ALIVEM stake.
amigoponc,3e-08,AWESOME,Daily payout based on your ALIVEM stake.
terrywayne,3e-08,AWESOME,Daily payout based on your ALIVEM stake.
shiekhnouman,3e-08,AWESOME,Daily payout based on your ALIVEM stake.
gpanda911,3e-08,AWESOME,Daily payout based on your ALIVEM stake.
giorgakis,3e-08,AWESOME,Daily payout based on your ALIVEM stake.
guuh,3e-08,AWESOME,Daily payout based on your ALIVEM stake.
bteim,3e-08,AWESOME,Daily payout based on your ALIVEM stake.
kianakaslana,3e-08,AWESOME,Daily payout based on your ALIVEM stake.
delilhavores,3e-08,AWESOME,Daily payout based on your ALIVEM stake.
music-beatcz,3e-08,AWESOME,Daily payout based on your ALIVEM stake.
pishio,3e-08,AWESOME,Daily payout based on your ALIVEM stake.
temibot,3e-08,AWESOME,Daily payout based on your ALIVEM stake.
siphon,3e-08,AWESOME,Daily payout based on your ALIVEM stake.
whangster79,3e-08,AWESOME,Daily payout based on your ALIVEM stake.
vasupi,3e-08,AWESOME,Daily payout based on your ALIVEM stake.
newhope1988,3e-08,AWESOME,Daily payout based on your ALIVEM stake.
fernanblog,3e-08,AWESOME,Daily payout based on your ALIVEM stake.
fabian98,3e-08,AWESOME,Daily payout based on your ALIVEM stake.
derangedvisions,3e-08,AWESOME,Daily payout based on your ALIVEM stake.
doitvoluntarily,3e-08,AWESOME,Daily payout based on your ALIVEM stake.
cmplxty,3e-08,AWESOME,Daily payout based on your ALIVEM stake.
luciannagy,3e-08,AWESOME,Daily payout based on your ALIVEM stake.
gamer00,3e-08,AWESOME,Daily payout based on your ALIVEM stake.
laruche,3e-08,AWESOME,Daily payout based on your ALIVEM stake.
pardinus,3e-08,AWESOME,Daily payout based on your ALIVEM stake.
tapadey,3e-08,AWESOME,Daily payout based on your ALIVEM stake.
biancamaura,3e-08,AWESOME,Daily payout based on your ALIVEM stake.
intentionsoflife,3e-08,AWESOME,Daily payout based on your ALIVEM stake.
my451r,3e-08,AWESOME,Daily payout based on your ALIVEM stake.
jaster,3e-08,AWESOME,Daily payout based on your ALIVEM stake.
aiovo,3e-08,AWESOME,Daily payout based on your ALIVEM stake.
collinz,3e-08,AWESOME,Daily payout based on your ALIVEM stake.
moeenali,3e-08,AWESOME,Daily payout based on your ALIVEM stake.
aljif7,3e-08,AWESOME,Daily payout based on your ALIVEM stake.
katerinaramm,3e-08,AWESOME,Daily payout based on your ALIVEM stake.
hattaarshavin,3e-08,AWESOME,Daily payout based on your ALIVEM stake.
priyanarc,3e-08,AWESOME,Daily payout based on your ALIVEM stake.
birdwatcher,3e-08,AWESOME,Daily payout based on your ALIVEM stake.
driptorchpress,3e-08,AWESOME,Daily payout based on your ALIVEM stake.
tarazkp,3e-08,AWESOME,Daily payout based on your ALIVEM stake.
archmage.app,3e-08,AWESOME,Daily payout based on your ALIVEM stake.
leninernesto,3e-08,AWESOME,Daily payout based on your ALIVEM stake.
vezo,3e-08,AWESOME,Daily payout based on your ALIVEM stake.
zackygamer,3e-08,AWESOME,Daily payout based on your ALIVEM stake.
demotry,3e-08,AWESOME,Daily payout based on your ALIVEM stake.
nftcrypto,3e-08,AWESOME,Daily payout based on your ALIVEM stake.
yadamaniart,3e-08,AWESOME,Daily payout based on your ALIVEM stake.
apeminingclub,3e-08,AWESOME,Daily payout based on your ALIVEM stake.
eliasn,3e-08,AWESOME,Daily payout based on your ALIVEM stake.
gideonit,3e-08,AWESOME,Daily payout based on your ALIVEM stake.
kstreet,3e-08,AWESOME,Daily payout based on your ALIVEM stake.
bilpcoinbpc,3e-08,AWESOME,Daily payout based on your ALIVEM stake.
hive-179017,3e-08,AWESOME,Daily payout based on your ALIVEM stake.
chrislybear,3e-08,AWESOME,Daily payout based on your ALIVEM stake.
thedrummerboy,3e-08,AWESOME,Daily payout based on your ALIVEM stake.
sione,3e-08,AWESOME,Daily payout based on your ALIVEM stake.
victorcstr,3e-08,AWESOME,Daily payout based on your ALIVEM stake.
shariarahammad,3e-08,AWESOME,Daily payout based on your ALIVEM stake.
akinolawilly,3e-08,AWESOME,Daily payout based on your ALIVEM stake.
yameen,3e-08,AWESOME,Daily payout based on your ALIVEM stake.
cuervoh,3e-08,AWESOME,Daily payout based on your ALIVEM stake.
stickupmusic,3e-08,AWESOME,Daily payout based on your ALIVEM stake.
lacausa,3e-08,AWESOME,Daily payout based on your ALIVEM stake.
dksart,3e-08,AWESOME,Daily payout based on your ALIVEM stake.
orlandumike,3e-08,AWESOME,Daily payout based on your ALIVEM stake.
agaprime,3e-08,AWESOME,Daily payout based on your ALIVEM stake.
rosmiapure,3e-08,AWESOME,Daily payout based on your ALIVEM stake.
igormuba,3e-08,AWESOME,Daily payout based on your ALIVEM stake.
bolsadeplomo,3e-08,AWESOME,Daily payout based on your ALIVEM stake.
pwbanker,3e-08,AWESOME,Daily payout based on your ALIVEM stake.
kgakakillerg,3e-08,AWESOME,Daily payout based on your ALIVEM stake.
wittyzell,3e-08,AWESOME,Daily payout based on your ALIVEM stake.
kephler,3e-08,AWESOME,Daily payout based on your ALIVEM stake.
pusen,3e-08,AWESOME,Daily payout based on your ALIVEM stake.
hivegc,3e-08,AWESOME,Daily payout based on your ALIVEM stake.
darth-azrael,3e-08,AWESOME,Daily payout based on your ALIVEM stake.
leofinance,3e-08,AWESOME,Daily payout based on your ALIVEM stake.
bengy,3e-08,AWESOME,Daily payout based on your ALIVEM stake.
diegoaudio,3e-08,AWESOME,Daily payout based on your ALIVEM stake.
proto26,3e-08,AWESOME,Daily payout based on your ALIVEM stake.
stvy,3e-08,AWESOME,Daily payout based on your ALIVEM stake.
chopiliart,3e-08,AWESOME,Daily payout based on your ALIVEM stake.
rohanrogue30,3e-08,AWESOME,Daily payout based on your ALIVEM stake.
taskmaster4450le,3e-08,AWESOME,Daily payout based on your ALIVEM stake.
nelinoeva,3e-08,AWESOME,Daily payout based on your ALIVEM stake.
silvertop,3e-08,AWESOME,Daily payout based on your ALIVEM stake.
submo,3e-08,AWESOME,Daily payout based on your ALIVEM stake.
smtr-rafi,3e-08,AWESOME,Daily payout based on your ALIVEM stake.
karishmasingh711,3e-08,AWESOME,Daily payout based on your ALIVEM stake.
semarekha,3e-08,AWESOME,Daily payout based on your ALIVEM stake.
athunderstruck,3e-08,AWESOME,Daily payout based on your ALIVEM stake.
trading-tokens,3e-08,AWESOME,Daily payout based on your ALIVEM stake.
rarej,3e-08,AWESOME,Daily payout based on your ALIVEM stake.
isnochys,3e-08,AWESOME,Daily payout based on your ALIVEM stake.
akiraymd,3e-08,AWESOME,Daily payout based on your ALIVEM stake.
rafatrony,3e-08,AWESOME,Daily payout based on your ALIVEM stake.
andy-vibes,3e-08,AWESOME,Daily payout based on your ALIVEM stake.
curly-xu,3e-08,AWESOME,Daily payout based on your ALIVEM stake.
viktoria-erina,3e-08,AWESOME,Daily payout based on your ALIVEM stake.
joseantpp,3e-08,AWESOME,Daily payout based on your ALIVEM stake.
perfilbrasil,3e-08,AWESOME,Daily payout based on your ALIVEM stake.
katrin-lux,3e-08,AWESOME,Daily payout based on your ALIVEM stake.
yorra,3e-08,AWESOME,Daily payout based on your ALIVEM stake.
kernelillo,3e-08,AWESOME,Daily payout based on your ALIVEM stake.
noemilunastorta,3e-08,AWESOME,Daily payout based on your ALIVEM stake.
muhammedfit,3e-08,AWESOME,Daily payout based on your ALIVEM stake.
loonatic,3e-08,AWESOME,Daily payout based on your ALIVEM stake.
htwegyi,3e-08,AWESOME,Daily payout based on your ALIVEM stake.
kqaosphreak,3e-08,AWESOME,Daily payout based on your ALIVEM stake.
sayu907,3e-08,AWESOME,Daily payout based on your ALIVEM stake.
cryptoalvirin,3e-08,AWESOME,Daily payout based on your ALIVEM stake.
dwarflordnoj,3e-08,AWESOME,Daily payout based on your ALIVEM stake.
